input,response
Hi,Hello! How can I assist you today?
Hello,Greetings! I'm NEXUS AI, ready to help with your queries.
Hey there,Hi! What can I help you with today?
Good morning,Good morning! How can I assist you?
What is Python?,Python is a high-level programming language known for its simplicity and versatility.
Tell me about Python,Python is an interpreted language that's great for beginners and powerful for experts. It's used in web development data science and AI.
Python programming,Python is popular because of its readable syntax and extensive libraries for various applications.
Thank you,You're welcome! Let me know if you need more help.
Thanks,Happy to help! Feel free to ask more questions.
I appreciate it,Glad I could assist! What else would you like to know?
What is Flask?,Flask is a micro web framework for Python that helps in building web applications quickly.
Flask framework,Flask is lightweight and flexible making it perfect for small to medium web applications and APIs.
Web development with Flask,Flask provides the essentials for web development while giving you flexibility to choose additional components.
Tell me a joke,Why don't skeletons fight each other? They don't have the guts!
Make me laugh,Why do programmers prefer dark mode? Because light attracts bugs!
Funny programming joke,How many programmers does it take to change a light bulb? None that's a hardware problem!
What is a list in Python?,A list in Python is a collection of items that are ordered and changeable.
Python lists,Lists are mutable sequences in Python that can contain different data types and are defined with square brackets.
Array in Python,Python lists are similar to arrays in other languages but more flexible since they can store mixed data types.
How do I install Python?,You can install Python by visiting the official website (https://www.python.org) and downloading the installer for your operating system.
Python installation,Download Python from python.org choose the latest stable version and follow the installation wizard.
Setting up Python,After installation make sure to add Python to your system PATH and verify with 'python --version'.
What is a variable?,A variable in programming is a container for storing data values.
Variables in Python,Variables in Python don't need explicit declaration just assign a value and Python determines the type automatically.
Data storage,Variables are memory locations with names that store data which can be referenced and manipulated in your program.
What is machine learning?,Machine learning is a branch of artificial intelligence where algorithms learn from data to make predictions or decisions.
AI and ML,Machine learning enables computers to learn patterns from data without being explicitly programmed for every scenario.
Artificial intelligence,AI includes machine learning deep learning and other techniques that make computers perform tasks that typically require human intelligence.
Can you explain an API?,An API (Application Programming Interface) allows different software applications to communicate with each other.
What's an API,APIs define the methods and data formats that applications can use to request and exchange information.
Application programming interface,APIs act as intermediaries allowing different software systems to interact and share functionality.
What's your name?,I'm NEXUS AI a neural network designed to assist you with your queries.
Who are you,I'm an advanced chatbot powered by natural language processing here to help with your questions.
Your identity,I'm NEXUS AI an artificial intelligence system created to provide information and assistance.
How do I write a loop in Python?,You can write a loop using `for` or `while` in Python to repeat actions.
Python loops,For loops iterate over sequences while while loops continue until a condition becomes false.
Iteration in Python,Use 'for item in list:' for iterating over collections or 'while condition:' for conditional repetition.
What is an if statement?,An `if` statement allows you to execute a block of code only if a certain condition is true.
Conditional statements,If statements control program flow by executing code blocks only when specified conditions are met.
Python conditions,Use if elif and else to create branching logic in your Python programs.
What's the capital of France?,The capital of France is Paris.
France capital,Paris is the capital and largest city of France known for its art culture and the Eiffel Tower.
French capital city,Paris located in northern France is one of the world's major cultural and economic centers.
Tell me something about the moon,The Moon is Earth's only natural satellite and has a significant impact on our planet's tides.
Moon facts,The Moon formed about 4.5 billion years ago and is gradually moving away from Earth at about 3.8 cm per year.
Earth's satellite,The Moon's gravitational pull creates tides and helps stabilize Earth's axial tilt affecting our climate.
Can you explain recursion?,Recursion is when a function calls itself in order to solve smaller instances of the same problem.
Recursive functions,Recursion breaks complex problems into simpler subproblems but requires a base case to prevent infinite loops.
Function recursion,Classic examples include calculating factorials or traversing tree structures where problems naturally divide into smaller similar problems.
What is an algorithm?,An algorithm is a step-by-step procedure or formula for solving a problem.
Algorithms explained,Algorithms are precise instructions that computers follow to solve problems efficiently and consistently.
Problem solving steps,Good algorithms are clear unambiguous and efficient providing a systematic approach to problem resolution.
What is a dictionary in Python?,A dictionary in Python is a collection of key-value pairs where each key is unique.
Python dictionaries,Dictionaries are mutable unordered collections that use curly braces and provide fast lookups by key.
Key value pairs,Dictionaries map keys to values allowing efficient data retrieval and storage of related information.
How do I create a function in Python?,You can create a function in Python using the `def` keyword followed by the function name and parameters.
Python functions,Functions encapsulate reusable code blocks: 'def function_name(parameters):' followed by the function body.
Define functions,Functions help organize code reduce repetition and make programs more modular and maintainable.
What is an IDE?,An IDE (Integrated Development Environment) is a software application that provides comprehensive facilities to programmers for software development.
Development environment,IDEs combine code editors debuggers and build tools in one interface making programming more efficient.
Programming tools,Popular Python IDEs include PyCharm VS Code and Jupyter Notebook each offering different features for development.
What is SQL?,SQL (Structured Query Language) is a domain-specific language used in programming and managing relational databases.
Database language,SQL allows you to create query update and manage data in relational database systems like MySQL PostgreSQL and SQLite.
Structured query language,SQL uses commands like SELECT INSERT UPDATE and DELETE to interact with database tables and records.
What is the 'self' keyword in Python?,The `self` keyword in Python is used to represent the instance of a class and is used to access the attributes and methods of the class.
Python self parameter,Self refers to the current instance of a class and must be the first parameter in instance methods.
Object oriented Python,Self allows you to access instance variables and methods within a class distinguishing them from local variables.
What is JSON?,JSON (JavaScript Object Notation) is a lightweight data-interchange format that is easy to read and write for humans and machines.
Data format,JSON uses key-value pairs and is language-independent making it perfect for web APIs and configuration files.
JavaScript object notation,JSON syntax is similar to Python dictionaries but requires double quotes for strings and has stricter formatting rules.
What is Git?,Git is a version control system that helps developers track changes in their codebase and collaborate with others.
Version control,Git maintains a history of code changes allows branching and merging and enables team collaboration on projects.
Source control,Git commands like commit push pull and merge help manage code versions and coordinate development work.
What is a REST API?,A REST API is a type of web service that follows the principles of Representational State Transfer (REST) for interacting with resources over HTTP.
RESTful services,REST APIs use standard HTTP methods (GET POST PUT DELETE) and return data in formats like JSON or XML.
Web services,REST principles include stateless communication uniform interfaces and resource-based URLs for scalable web applications.
How do I install Flask?,You can install Flask by running `pip install flask` in your terminal or command prompt.
Flask installation,Use pip the Python package manager to install Flask: 'pip install flask' then verify with 'python -c "import flask"'.
Install web framework,After installing Flask you can create your first web app with just a few lines of Python code.
What is a web framework?,A web framework is a software framework designed to aid the development of web applications by providing a foundation of tools and libraries.
Web development framework,Frameworks handle common web development tasks like routing templating and database integration automatically.
Application framework,Web frameworks speed up development by providing pre-built components and following established patterns and conventions.
What is a decorator in Python?,A decorator is a design pattern in Python that allows you to modify the behavior of a function or method without changing its source code.
Python decorators,Decorators use the @ symbol and wrap functions to add functionality like logging authentication or timing.
Function modification,Decorators follow the principle of separation of concerns allowing you to add features without modifying core logic.
How do I debug a Python program?,You can debug a Python program using built-in tools like `print()` statements or the Python Debugger (`pdb`).
Python debugging,Use print statements for quick debugging or pdb.set_trace() to create breakpoints and step through code execution.
Program debugging,IDEs also provide visual debuggers that let you set breakpoints examine variables and trace program execution.
What is a compiler?,A compiler is a program that translates code written in high-level programming languages into machine code or an intermediate form.
Code compilation,Compilers analyze source code for errors and optimize it before converting to executable machine instructions.
Programming translation,Unlike interpreters compilers translate entire programs before execution resulting in faster runtime performance.
How do I reverse a string in Python?,You can reverse a string in Python using slicing: `reversed_string = string[::-1]`.
String reversal,The slice notation [::-1] creates a new string with characters in reverse order starting from the end.
Python string manipulation,You can also use ''.join(reversed(string)) or a loop to reverse strings depending on your needs.
What is a hash table?,A hash table is a data structure that stores data in key-value pairs and uses a hash function to compute an index for the data.
Hash tables,Hash functions convert keys into array indices providing average O(1) lookup time for efficient data retrieval.
Data structures,Python dictionaries are implemented as hash tables offering fast key-based access to stored values.
What is Python's `map()` function?,The `map()` function applies a given function to all items in an input list (or iterable) and returns an iterator.
Map function,Map is a functional programming tool: map(function iterable) applies the function to each element efficiently.
Functional programming,Map along with filter and reduce provides powerful ways to process data without explicit loops.
How do I write a Python script?,You can write a Python script by creating a file with the `.py` extension and writing Python code in it.
Python scripting,Start with a shebang line add your code and make the file executable to run Python scripts from command line.
Script creation,Python scripts can automate tasks process data or create applications and can be run with 'python script_name.py'.
What is a Python module?,A Python module is a file containing Python definitions and statements which can be imported and used in other Python programs.
Python modules,Modules organize code into reusable files that can be imported with 'import module_name' or 'from module import function'.
Code organization,The Python Standard Library contains many built-in modules and you can create custom modules for your projects.
What is an iterator in Python?,An iterator is an object that implements the iterator protocol and allows you to traverse through all the items in a sequence.
Python iterators,Iterators implement __iter__() and __next__() methods enabling for loop functionality and memory-efficient data processing.
Iteration protocol,Iterators process one item at a time making them memory-efficient for large datasets compared to loading everything at once.
How do I handle errors in Python?,Use try-except blocks to catch and handle exceptions gracefully in your Python programs.
Error handling,Try-except blocks prevent programs from crashing by catching exceptions and providing alternative execution paths.
Exception handling,Python has many built-in exception types like ValueError TypeError and FileNotFoundError for specific error conditions.
What is object-oriented programming?,OOP is a programming paradigm based on objects that contain data (attributes) and code (methods).
OOP concepts,Object-oriented programming uses concepts like encapsulation inheritance and polymorphism to organize and structure code.
Classes and objects,Classes define blueprints for objects which are instances that contain specific data and can perform actions.
How do I read files in Python?,Use the open() function with file modes like 'r' for reading 'w' for writing and always close files or use context managers.
File handling,Context managers with 'with open()' automatically handle file closing even if errors occur during processing.
Python file operations,Python can read text binary CSV JSON and many other file formats using built-in and third-party libraries.
What is pandas?,Pandas is a powerful Python library for data analysis and manipulation providing data structures like DataFrames.
Data analysis,Pandas makes it easy to clean transform and analyze structured data with intuitive DataFrame operations.
Python data science,Pandas works well with other libraries like NumPy matplotlib and scikit-learn for comprehensive data analysis workflows.
What is NumPy?,NumPy is a fundamental package for scientific computing in Python providing support for arrays and mathematical functions.
Scientific computing,NumPy arrays are more efficient than Python lists for numerical computations and form the foundation for other data science libraries.
Numerical Python,NumPy provides vectorized operations linear algebra functions and tools for working with multi-dimensional arrays.
How do I create a virtual environment?,Use 'python -m venv env_name' to create and 'source env_name/bin/activate' (Linux/Mac) or 'env_name\Scripts\activate' (Windows) to activate.
Python virtual environments,Virtual environments isolate project dependencies preventing conflicts between different projects' requirements.
Environment management,Tools like venv virtualenv and conda help manage separate Python environments for different projects.
What is pip?,Pip is Python's package installer used to install and manage packages from the Python Package Index (PyPI).
Package management,Pip commands include install uninstall list and freeze for managing Python packages and dependencies.
Python packages,PyPI contains thousands of third-party packages that extend Python's functionality for various domains and applications.
Goodbye,Farewell! Feel free to return whenever you need assistance.
Bye,See you later! I'll be here when you need help again.
See you,Until next time! Keep learning and coding!
Exit,Goodbye! Remember I'm always here to help with your questions.
Quit,Farewell! It was great helping you today.